imported_file,original_file,size_bytes
C:\Users\jvben\Desktop\EXHANGE BACKTET DATAS\_strategies\sp_atr_expansion_break.py,C:\Users\jvben\Desktop\LIVE-projects\stragety - py files\sp_atr_expansion_break.py,2559
C:\Users\jvben\Desktop\EXHANGE BACKTET DATAS\_strategies\sp_bollinger_meanrevert.py,C:\Users\jvben\Desktop\LIVE-projects\stragety - py files\sp_bollinger_meanrevert.py,2564
C:\Users\jvben\Desktop\EXHANGE BACKTET DATAS\_strategies\sp_cdv_joint_score_long.py,C:\Users\jvben\Desktop\LIVE-projects\stragety - py files\sp_cdv_joint_score_long.py,8845
C:\Users\jvben\Desktop\EXHANGE BACKTET DATAS\_strategies\sp_compression_voting_stack.py,C:\Users\jvben\Desktop\LIVE-projects\stragety - py files\sp_compression_voting_stack.py,13709
C:\Users\jvben\Desktop\EXHANGE BACKTET DATAS\_strategies\sp_donchian_breakout.py,C:\Users\jvben\Desktop\LIVE-projects\stragety - py files\sp_donchian_breakout.py,2821
C:\Users\jvben\Desktop\EXHANGE BACKTET DATAS\_strategies\sp_ema_pullback.py,C:\Users\jvben\Desktop\LIVE-projects\stragety - py files\sp_ema_pullback.py,2980
C:\Users\jvben\Desktop\EXHANGE BACKTET DATAS\_strategies\sp_higher_high_continuation.py,C:\Users\jvben\Desktop\LIVE-projects\stragety - py files\sp_higher_high_continuation.py,4336
C:\Users\jvben\Desktop\EXHANGE BACKTET DATAS\_strategies\sp_keltner_squeeze_break.py,C:\Users\jvben\Desktop\LIVE-projects\stragety - py files\sp_keltner_squeeze_break.py,2935
C:\Users\jvben\Desktop\EXHANGE BACKTET DATAS\_strategies\sp_macd_cross_long.py,C:\Users\jvben\Desktop\LIVE-projects\stragety - py files\sp_macd_cross_long.py,2768
C:\Users\jvben\Desktop\EXHANGE BACKTET DATAS\_strategies\sp_obv_divergence_long.py,C:\Users\jvben\Desktop\LIVE-projects\stragety - py files\sp_obv_divergence_long.py,3594
C:\Users\jvben\Desktop\EXHANGE BACKTET DATAS\_strategies\sp_rsi_extreme_revert.py,C:\Users\jvben\Desktop\LIVE-projects\stragety - py files\sp_rsi_extreme_revert.py,2607
C:\Users\jvben\Desktop\EXHANGE BACKTET DATAS\_strategies\sp_supertrend_flip.py,C:\Users\jvben\Desktop\LIVE-projects\stragety - py files\sp_supertrend_flip.py,2240
C:\Users\jvben\Desktop\EXHANGE BACKTET DATAS\_strategies\_validate_botxllm.py,C:\Users\jvben\Desktop\LIVE-projects\stragety - py files\_validate_botxllm.py,3952
C:\Users\jvben\Desktop\EXHANGE BACKTET DATAS\_strategies\Clause__pre_spike_compression_strategy.py,C:\Users\jvben\Desktop\LIVE-projects\stragety - py files\Clause\pre_spike_compression_strategy.py,20803
C:\Users\jvben\Desktop\EXHANGE BACKTET DATAS\_strategies\Clause__sp_supergod_v1.py,C:\Users\jvben\Desktop\LIVE-projects\stragety - py files\Clause\sp_supergod_v1.py,18071
